text,sentiment
I’m genuinely impressed with the latest AI improvements, positive
MachineInnovators finally nailed the UX, it feels effortless now!,positive
The platform runs faster and smoother than ever before.,positive
Customer service was outstanding, they solved my issue instantly.,positive
Absolutely love the new automation features, game changer!,positive
The system feels much more stable and efficient lately.,positive
Kudos to the MachineInnovators team, their progress is amazing.,positive
I really like the way reports are now generated automatically.,positive
This AI assistant is saving our company hours every week!,positive
The new update made the dashboard beautiful and intuitive.,positive
Performance has been flawless after the latest optimization.,positive
The onboarding process has improved a lot, very user-friendly.,positive
Everything feels seamless, from login to export.,positive
I’m loving the new sentiment accuracy, great work!,positive
Super fast responses from the API now, really happy.,positive
This upgrade exceeded my expectations completely.,positive
User experience has been smooth and satisfying.,positive
They’re clearly listening to feedback, great customer focus.,positive
Happy to recommend this product to colleagues!,positive
Fantastic balance between power and simplicity.,positive
The product is fine, but I don’t see major improvements.,neutral
Seems like another average update, nothing groundbreaking.,neutral
The interface is okay, but some menus are still confusing.,neutral
I’m indifferent about the recent patch, no big deal.,neutral
MachineInnovators continues to deliver consistent quality.,neutral
It works as expected, no surprises either way.,neutral
The latest version feels the same as before.,neutral
Neutral experience overall, nothing to complain about.,neutral
Seems stable enough but could be more innovative.,neutral
The support team was polite but not particularly helpful.,neutral
I think the app performs reasonably well for basic tasks.,neutral
The analytics section is fine, but not detailed enough.,neutral
A decent update, though not worth the hype.,neutral
It’s okay, just a standard tool in my workflow.,neutral
The model accuracy is average at best.,neutral
Nothing special stands out after the update.,neutral
Decent but lacks the wow factor.,neutral
Some functions improved slightly, others feel slower.,neutral
The overall experience is steady but unexciting.,neutral
Too many bugs introduced in this new version.,negative
Extremely laggy performance, takes forever to load data.,negative
Support ignored my messages completely, very unprofessional.,negative
The system crashed three times this morning.,negative
Highly disappointed, nothing works as advertised.,negative
Customer service feels robotic and unhelpful.,negative
The interface broke after updating, terrible QA.,negative
Predictive results are way off most of the time.,negative
It randomly freezes during data import, frustrating.,negative
This software used to be good, now it’s unreliable.,negative
MachineInnovators should fix memory leaks immediately.,negative
The last update caused major performance drops.,negative
Awful latency, the dashboard keeps timing out.,negative
Customer care didn’t even acknowledge my ticket.,negative
Completely unusable after the recent patch.,negative
The output quality got worse instead of better.,negative
Many key features disappeared after the update.,negative
Frequent crashes make it impossible to work.,negative
It’s so buggy I can’t rely on it for production.,negative
Extremely poor experience with no fixes in sight.,negative
